MS20151103TS20,MS20151103
MS20151103TS21,MS20151103
MS20151103TS22,MS20151103
MS20151103TS23,MS20151103
MS20151103TS24,MS20151103
MS20151103TS25,MS20151103
MS20151103TS26,MS20151103
MS20151103TS27,MS20151103
MS20151103TS28,MS20151103
MS20151103TS29,MS20151103
MS20151103TS30,MS20151103
MS20151103TS31,MS20151103
MS20151103TS32,MS20151103
MS20151103TS33,MS20151103
MS20151103TS34,MS20151103
MS20151103TS35,MS20151103
MS20151103TS36,MS20151103
MS20151103TS37,MS20151103
MS20151103TS38,MS20151103
MS20151103TS39,MS20151103
MS20151103TS40,MS20151103
MS20151103TS41,MS20151103
MS20151103TS42,MS20151103
MS20151103TS43,MS20151103
MS20151103TS44,MS20151103
MS20151103TS45,MS20151103
MS20151103TS46,MS20151103
MS20151103TS47,MS20151103
MS20151103TS48,MS20151103
MS20151103TS49,MS20151103
MS20151103TS50,MS20151103
MS20151103TS51,MS20151103
MS20151103TS52,MS20151103
MS20151103TS53,MS20151103
MS20151103TS54,MS20151103
MS20151103TS55,MS20151103
MS20151103TS56,MS20151103
MS20151103TS57,MS20151103
MS20151103TS58,MS20151103
MS20151103TS59,MS20151103
MS20151103TS60,MS20151103
MS20151103TS61,MS20151103
MS20151103TS62,MS20151103
MS20151103TS63,MS20151103
MS20151103TS64,MS20151103
MS20151103TS65,MS20151103
MS20151103TS66,MS20151103
MS20151103TS67,MS20151103
MS20151103TS68,MS20151103
MS20151103TS69,MS20151103
MS20151103TS70,MS20151103
MS20151103TS71,MS20151103
MS20151103TS72,MS20151103
MS20151103TS73,MS20151103
MS20151103TS74,MS20151103
MS20151103TS75,MS20151103
MS20151103TS76,MS20151103
MS20151103TS77,MS20151103
MS20151103TS78,MS20151103
MS20151103TS79,MS20151103
MS20151103TS80,MS20151103
MS20151103TS81,MS20151103
MS20151103TS82,MS20151103
MS20151103TS83,MS20151103
MS20151103TS84,MS20151103
MS20151103TS85,MS20151103
MS20151103TS86,MS20151103
MS20151103TS87,MS20151103
MS20151103TS88,MS20151103
MS20151103TS89,MS20151103
MS20151103TS90,MS20151103
MS20151103TS91,MS20151103
MS20151103TS92,MS20151103
MS20151103TS93,MS20151103
MS20151103TS94,MS20151103
MS20151103TS95,MS20151103
MS20151103TS96,MS20151103
MS20151103TS97,MS20151103
MS20151103TS98,MS20151103
MS20151103TS99,MS20151103
MS20151103TS100,MS20151103
MS20151103TS101,MS20151103
MS20151103TS102,MS20151103
MS20151103TS103,MS20151103
MS20151103TS104,MS20151103
MS20151103TS105,MS20151103
MS20151103TS106,MS20151103
MS20151103TS107,MS20151103
MS20151103TS108,MS20151103
MS20151103TS109,MS20151103
MS20151103TS110,MS20151103
MS20151103TS111,MS20151103
MS20151103TS112,MS20151103
MS20151103TS113,MS20151103
MS20151103TS114,MS20151103
MS20151103TS115,MS20151103
MS20151103TS116,MS20151103
MS20151103TS117,MS20151103
MS20151103TS118,MS20151103
MS20151103TS119,MS20151103
MS20151103TS120,MS20151103
MS20151103TS121,MS20151103
MS20151103TS122,MS20151103
MS20151103TS123,MS20151103
MS20151103TS124,MS20151103
MS20151103TS125,MS20151103
MS20151103TS126,MS20151103
MS20151103TS127,MS20151103
MS20151103TS128,MS20151103
MS20151103TS129,MS20151103
MS20151103TS130,MS20151103
MS20151103TS131,MS20151103
MS20151103TS132,MS20151103
MS20151103TS133,MS20151103
MS20151103TS134,MS20151103
MS20151103TS135,MS20151103
MS20151103TS136,MS20151103
MS20151103TS137,MS20151103
MS20151103TS138,MS20151103
MS20151103TS139,MS20151103
MS20151103TS140,MS20151103
MS20151103TS141,MS20151103
MS20151103TS142,MS20151103
MS20151103TS143,MS20151103
MS20151103TS144,MS20151103
MS20151103TS145,MS20151103
MS20151103TS146,MS20151103
MS20151103TS147,MS20151103
MS20151103TS148,MS20151103
MS20151103TS149,MS20151103
MS20151103TS150,MS20151103
MS20151103TS151,MS20151103
MS20151103TS152,MS20151103
MS20151103TS153,MS20151103
MS20151103TS154,MS20151103
MS20151103TS155,MS20151103
MS20151103TS156,MS20151103
MS20151103TS157,MS20151103
MS20151103TS158,MS20151103
MS20151103TS159,MS20151103
MS20151103TS160,MS20151103
MS20151103TS161,MS20151103
MS20151103TS162,MS20151103
MS20151103TS163,MS20151103
MS20151103TS164,MS20151103
MS20151103TS165,MS20151103
MS20151103TS166,MS20151103
MS20151103TS167,MS20151103
MS20151103TS168,MS20151103
MS20151103TS169,MS20151103
MS20151103TS170,MS20151103
MS20151103TS171,MS20151103
MS20151103TS172,MS20151103
MS20151103TS173,MS20151103
MS20151103TS174,MS20151103
MS20151103TS175,MS20151103
MS20151103TS176,MS20151103
MS20151103TS177,MS20151103
MS20151103TS178,MS20151103
MS20151103TS179,MS20151103
MS20151103TS180,MS20151103
MS20151103TS181,MS20151103
MS20151103TS182,MS20151103
MS20151103TS183,MS20151103
MS20151103TS184,MS20151103
MS20151103TS185,MS20151103
MS20151103TS186,MS20151103
MS20151103TS187,MS20151103
MS20151103TS188,MS20151103
MS20151103TS189,MS20151103
MS20151103TS190,MS20151103
MS20151103TS191,MS20151103
MS20151103TS192,MS20151103
MS20151103TS193,MS20151103
MS20151103TS194,MS20151103
MS20151103TS195,MS20151103
MS20151103TS196,MS20151103
MS20151103TS197,MS20151103
MS20151103TS198,MS20151103
MS20151103TS199,MS20151103
MS20151103TS200,MS20151103
MS20151103TS201,MS20151103
MS20151103TS202,MS20151103
MS20151103TS203,MS20151103
MS20151103TS204,MS20151103
MS20151103TS205,MS20151103
MS20151103TS206,MS20151103
MS20151103TS207,MS20151103
MS20151103TS208,MS20151103
MS20151103TS209,MS20151103
MS20151103TS210,MS20151103
MS20151103TS211,MS20151103
MS20151103TS212,MS20151103
MS20151103TS213,MS20151103
MS20151103TS214,MS20151103
MS20151103TS215,MS20151103
MS20151103TS216,MS20151103
MS20151103TS217,MS20151103
MS20151103TS218,MS20151103
MS20151103TS219,MS20151103
MS20151103TS220,MS20151103
MS20151103TS221,MS20151103
MS20151103TS222,MS20151103
MS20151103TS223,MS20151103
MS20151103TS224,MS20151103
MS20151103TS225,MS20151103
MS20151103TS226,MS20151103
MS20151103TS227,MS20151103
MS20151103TS228,MS20151103
MS20151103TS229,MS20151103
MS20151103TS230,MS20151103
MS20151103TS231,MS20151103
MS20151103TS232,MS20151103
MS20151103TS233,MS20151103
MS20151103TS234,MS20151103
MS20151103TS235,MS20151103
MS20151103TS236,MS20151103
MS20151103TS237,MS20151103
MS20151103TS238,MS20151103
MS20151103TS239,MS20151103
MS20151103TS240,MS20151103
MS20151103TS241,MS20151103
MS20151103TS242,MS20151103
MS20151103TS243,MS20151103
MS20151103TS244,MS20151103
MS20151103TS245,MS20151103
MS20151103TS246,MS20151103
MS20151103TS247,MS20151103
MS20151103TS248,MS20151103
MS20151103TS249,MS20151103
MS20151103TS250,MS20151103
MS20151103TS251,MS20151103
MS20151103TS252,MS20151103
MS20151103TS253,MS20151103
MS20151103TS254,MS20151103
MS20151103TS255,MS20151103
MS20151103TS256,MS20151103
MS20151103TS257,MS20151103
MS20151103TS258,MS20151103
MS20151103TS259,MS20151103
MS20151103TS260,MS20151103
MS20151103TS261,MS20151103
MS20151103TS262,MS20151103
MS20151103TS263,MS20151103
MS20151103TS264,MS20151103
MS20151103TS265,MS20151103
MS20151103TS266,MS20151103
MS20151103TS267,MS20151103
MS20151103TS268,MS20151103
MS20151103TS269,MS20151103
MS20151103TS270,MS20151103
MS20151103TS271,MS20151103
MS20151103TS272,MS20151103
MS20151103TS273,MS20151103
MS20151103TS274,MS20151103
MS20151103TS275,MS20151103
MS20151103TS276,MS20151103
MS20151103TS277,MS20151103
MS20151103TS278,MS20151103
MS20151103TS279,MS20151103
MS20151103TS280,MS20151103
MS20151103TS281,MS20151103
MS20151103TS282,MS20151103
MS20151103TS283,MS20151103
MS20151103TS284,MS20151103
MS20151103TS285,MS20151103
MS20151103TS286,MS20151103
MS20151103TS287,MS20151103
MS20151103TS288,MS20151103
MS20151103TS289,MS20151103
MS20151103TS290,MS20151103
MS20151103TS291,MS20151103
MS20151103TS292,MS20151103
MS20151103TS293,MS20151103
MS20151103TS294,MS20151103
MS20151103TS295,MS20151103
MS20151103TS296,MS20151103
MS20151103TS297,MS20151103
MS20151103TS298,MS20151103
MS20151103TS299,MS20151103
MS20151103TS300,MS20151103
MS20151103TS301,MS20151103
MS20151103TS302,MS20151103
MS20151103TS303,MS20151103
MS20151103TS304,MS20151103
MS20151103TS305,MS20151103
MS20151103TS306,MS20151103
MS20151103TS307,MS20151103
MS20151103TS308,MS20151103
MS20151103TS309,MS20151103
MS20151103TS310,MS20151103
MS20151103TS311,MS20151103
MS20151103TS312,MS20151103
MS20151103TS313,MS20151103
MS20151103TS314,MS20151103
MS20151103TS315,MS20151103
MS20151103TS316,MS20151103
MS20151103TS317,MS20151103
MS20151103TS318,MS20151103
MS20151103TS319,MS20151103
MS20151103TS320,MS20151103
MS20151103TS321,MS20151103
MS20151103TS322,MS20151103
MS20151103TS323,MS20151103
MS20151103TS324,MS20151103
MS20151103TS325,MS20151103
MS20151103TS326,MS20151103
MS20151103TS327,MS20151103
MS20151103TS328,MS20151103
MS20151103TS329,MS20151103
MS20151103TS330,MS20151103
MS20151103TS331,MS20151103
MS20151103TS332,MS20151103
MS20151103TS333,MS20151103
MS20151103TS334,MS20151103
MS20151103TS335,MS20151103
MS20151103TS336,MS20151103
MS20151103TS337,MS20151103
MS20151103TS338,MS20151103
MS20151103TS339,MS20151103
MS20151103TS340,MS20151103
MS20151103TS341,MS20151103
MS20151103TS342,MS20151103
MS20151103TS343,MS20151103
MS20151103TS344,MS20151103
MS20151103TS345,MS20151103
MS20151103TS346,MS20151103
MS20151103TS347,MS20151103
MS20151103TS348,MS20151103
MS20151103TS349,MS20151103
MS20151103TS350,MS20151103
MS20151103TS351,MS20151103
MS20151103TS352,MS20151103
MS20151103TS353,MS20151103
MS20151103TS354,MS20151103
