MS20151103TT03,MS20151103
MS20151103TT04,MS20151103
MS20151103TT05,MS20151103
MS20151103TT06,MS20151103
MS20151103TT07,MS20151103
MS20151103TT08,MS20151103
MS20151103TT09,MS20151103
MS20151103TT10,MS20151103
MS20151103TT11,MS20151103
MS20151103TT12,MS20151103
MS20151103TT13,MS20151103
MS20151103TT14,MS20151103
MS20151103TT15,MS20151103
MS20151103TT16,MS20151103
MS20151103TT17,MS20151103
MS20151103TT18,MS20151103
MS20151103TT19,MS20151103
MS20151103TT20,MS20151103
MS20151103TT21,MS20151103
MS20151103TT22,MS20151103
MS20151103TT23,MS20151103
MS20151103TT24,MS20151103
MS20151103TT25,MS20151103
MS20151103TT26,MS20151103
MS20151103TT27,MS20151103
MS20151103TT28,MS20151103
MS20151103TT29,MS20151103
MS20151103TT30,MS20151103
MS20151103TT31,MS20151103
MS20151103TT32,MS20151103
MS20151103TT33,MS20151103
MS20151103TT34,MS20151103
MS20151103TT35,MS20151103
MS20151103TT36,MS20151103
MS20151103TT37,MS20151103
